Date,Open,High,Low,Close
2023-07-02,96.13400268554688,96.60600280761719,96.01200103759766,96.13400268554688
2023-07-03,96.48999786376953,96.8219985961914,96.10099792480469,96.48999786376953
2023-07-04,96.63999938964844,96.8239974975586,96.06199645996094,96.63999938964844
2023-07-05,96.1500015258789,96.3010025024414,95.30599975585938,96.1500015258789
2023-07-06,95.40899658203125,95.5790023803711,94.80999755859375,95.40899658203125
2023-07-09,95.1050033569336,95.46499633789062,94.11499786376953,95.1050033569336
2023-07-10,94.33799743652344,94.60099792480469,93.47100067138672,94.33799743652344
2023-07-11,93.78199768066406,94.1989974975586,93.25,93.78199768066406
2023-07-12,93.94200134277344,95.29299926757812,93.85800170898438,93.94200134277344
2023-07-13,95.1050033569336,95.36699676513672,94.56600189208984,95.1050033569336
2023-07-16,94.8239974975586,94.86699676513672,94.01899719238281,94.8239974975586
2023-07-17,94.4739990234375,94.77899932861328,93.79000091552734,94.4739990234375
2023-07-18,94.70999908447266,94.7959976196289,94.20700073242188,94.70999908447266
2023-07-19,94.50499725341797,95.41100311279297,94.53299713134766,94.50499725341797
2023-07-20,94.79399871826172,95.77799987792969,94.65499877929688,94.79399871826172
2023-07-23,95.33000183105469,95.44300079345703,94.89299774169922,95.33000183105469
2023-07-24,95.27899932861328,95.85199737548828,95.18499755859375,95.27899932861328
2023-07-25,95.63899993896484,95.71299743652344,94.44400024414062,95.63899993896484
2023-07-26,94.88500213623047,95.40899658203125,94.7760009765625,94.88500213623047
2023-07-27,93.19300079345703,94.14099884033203,91.84200286865234,93.19300079345703
2023-07-30,93.75,95.81400299072266,93.73500061035156,93.75
2023-07-31,95.58999633789062,95.74800109863281,94.56900024414062,95.58999633789062
2023-08-01,94.6050033569336,94.89800262451172,93.61399841308594,94.6050033569336
2023-08-02,93.75399780273438,94.06900024414062,92.9729995727539,93.75399780273438
2023-08-03,93.54199981689453,93.91200256347656,93.22200012207031,93.54199981689453
2023-08-06,93.26100158691406,93.61900329589844,93.11299896240234,93.26100158691406
2023-08-07,93.66899871826172,93.96099853515625,92.927001953125,93.66899871826172
2023-08-08,93.59100341796875,94.1050033569336,93.52772521972656,93.59100341796875
2023-08-09,93.93000030517578,94.92500305175781,93.85600280761719,93.93000030517578
2023-08-10,94.33200073242188,94.58699798583984,94.0,94.33200073242188
2023-08-13,94.05699920654297,94.39199829101562,93.58999633789062,94.05699920654297
2023-08-14,94.3499984741211,94.77999877929688,93.98799896240234,94.3499984741211
2023-08-15,94.0250015258789,94.2750015258789,93.6510009765625,94.0250015258789
2023-08-16,93.85099792480469,93.99600219726562,93.26599884033203,93.85099792480469
2023-08-17,93.34700012207031,93.5459976196289,92.7699966430664,93.34700012207031
2023-08-20,93.19999694824219,93.74800109863281,92.8489990234375,93.19999694824219
2023-08-21,93.79100036621094,94.0469970703125,93.59500122070312,93.79100036621094
2023-08-22,93.64099884033203,93.947998046875,93.22899627685547,93.64099884033203
2023-08-23,93.73999786376953,94.15299987792969,93.60199737548828,93.73999786376953
2023-08-24,93.66000366210938,93.85600280761719,93.50199890136719,93.66000366210938
2023-08-27,94.01699829101562,94.28399658203125,93.81999969482422,94.01699829101562
2023-08-28,94.14099884033203,94.58599853515625,94.0530014038086,94.14099884033203
2023-08-29,94.54399871826172,95.04499816894531,94.19599914550781,94.54399871826172
2023-08-30,94.64600372314453,94.91400146484375,94.15599822998047,94.64600372314453
2023-08-31,94.37999725341797,94.40899658203125,93.86000061035156,94.37999725341797
2023-09-03,94.22899627685547,94.70899963378906,94.19999694824219,94.22899627685547
2023-09-04,94.63600158691406,94.64800262451172,93.58999633789062,94.63600158691406
2023-09-05,94.00900268554688,94.31800079345703,93.86000061035156,94.00900268554688
2023-09-06,94.25299835205078,94.30699920654297,93.70999908447266,94.25299835205078
2023-09-07,93.96099853515625,94.4489974975586,93.63099670410156,93.96099853515625
2023-09-10,94.0999984741211,94.45099639892578,93.87799835205078,94.0999984741211
2023-09-11,94.322998046875,94.5250015258789,94.05899810791016,94.322998046875
2023-09-12,94.58699798583984,94.8219985961914,94.23200225830078,94.58699798583984
2023-09-13,94.61000061035156,95.01200103759766,94.5,94.61000061035156
2023-09-14,94.86100006103516,95.51399993896484,94.83499908447266,94.86100006103516
2023-09-17,95.22699737548828,95.24800109863281,94.80899810791016,95.22699737548828
2023-09-18,95.04900360107422,95.61399841308594,94.95999908447266,95.04900360107422
2023-09-19,95.5,96.03600311279297,95.31099700927734,95.5
2023-09-20,95.45500183105469,95.54399871826172,94.5479965209961,95.45500183105469
2023-09-21,94.62699890136719,95.81700134277344,94.54000091552734,94.62699890136719
2023-09-24,95.58999633789062,95.69000244140625,95.18000030517578,95.58999633789062
2023-09-25,95.55799865722656,95.75800323486328,95.23799896240234,95.55799865722656
2023-09-26,95.2770004272461,95.44300079345703,94.92400360107422,95.2770004272461
2023-09-27,94.87899780273438,95.87000274658203,94.88400268554688,94.87899780273438
2023-09-28,95.93000030517578,96.91600036621094,95.91799926757812,95.93000030517578
2023-10-01,96.25199890136719,96.41100311279297,95.4260025024414,96.25199890136719
2023-10-02,95.34300231933594,95.35900115966797,93.76000213623047,95.34300231933594
2023-10-03,94.11900329589844,94.39299774169922,93.77999877929688,94.11900329589844
2023-10-04,94.2750015258789,94.69000244140625,94.20700073242188,94.2750015258789
2023-10-05,94.54299926757812,95.3280029296875,94.3759994506836,94.54299926757812
2023-10-08,94.9990005493164,95.12799835205078,94.64900207519531,94.9990005493164
2023-10-09,95.2300033569336,95.58999633789062,95.1520004272461,95.2300033569336
2023-10-10,95.59500122070312,95.7249984741211,95.38400268554688,95.59500122070312
2023-10-11,95.6500015258789,95.81199645996094,94.75800323486328,95.6500015258789
2023-10-12,94.61599731445312,94.81700134277344,94.05000305175781,94.61599731445312
2023-10-15,94.37300109863281,94.82499694824219,94.2239990234375,94.37300109863281
2023-10-16,94.7979965209961,95.4520034790039,94.78600311279297,94.7979965209961
2023-10-17,95.27999877929688,95.64800262451172,94.93199920654297,95.27999877929688
2023-10-18,94.81999969482422,94.88300323486328,94.31800079345703,94.81999969482422
2023-10-19,94.73200225830078,94.78700256347656,94.45999908447266,94.73200225830078
2023-10-22,94.69999694824219,94.91999816894531,94.33399963378906,94.69999694824219
2023-10-23,94.90399932861328,95.36599731445312,94.83999633789062,94.90399932861328
2023-10-24,95.30899810791016,95.88800048828125,94.77799987792969,95.30899810791016
2023-10-25,94.47599792480469,95.06900024414062,94.25700378417969,94.47599792480469
2023-10-26,95.23400115966797,95.36000061035156,94.9739990234375,95.23400115966797
2023-10-30,94.90699768066406,95.52200317382812,94.89399719238281,94.90699768066406
2023-10-31,94.94300079345703,95.97899627685547,94.8550033569336,94.94599914550781
2023-11-01,95.89099884033203,96.45700073242188,95.60800170898438,95.89099884033203
2023-11-02,96.70899963378906,96.9209976196289,96.4990005493164,96.70899963378906
2023-11-03,96.7300033569336,97.18699645996094,96.58999633789062,96.7300033569336
2023-11-06,97.37200164794922,97.49600219726562,97.26599884033203,97.37200164794922
2023-11-07,97.33000183105469,97.40899658203125,96.41699981689453,97.33000183105469
2023-11-08,96.7040023803711,97.08399963378906,96.66400146484375,96.7040023803711
2023-11-09,96.63600158691406,96.98999786376953,96.58300018310547,96.63600158691406
2023-11-10,96.27999877929688,96.38099670410156,96.04199981689453,96.27999877929688
2023-11-13,96.39600372314453,96.85399627685547,96.28700256347656,96.39600372314453
2023-11-14,96.73799896240234,97.93000030517578,96.32599639892578,96.73799896240234
2023-11-15,97.79000091552734,98.53399658203125,97.6510009765625,97.79000091552734
2023-11-16,98.46199798583984,98.56199645996094,97.24800109863281,98.46199798583984
2023-11-17,97.49199676513672,97.50700378417969,96.93099975585938,97.49199676513672
2023-11-20,97.65399932861328,97.70999908447266,97.02799987792969,97.65399932861328
2023-11-21,97.33399963378906,97.40599822998047,96.83200073242188,97.33399963378906
2023-11-22,97.13999938964844,97.82599639892578,97.07499694824219,97.13999938964844
2023-11-23,97.77999877929688,98.18299865722656,97.67400360107422,97.77999877929688
2023-11-24,98.16400146484375,98.51599884033203,97.93000030517578,98.16400146484375
2023-11-27,98.43199920654297,98.47799682617188,97.80899810791016,98.43199920654297
2023-11-28,98.13999938964844,98.37100219726562,97.88400268554688,98.13999938964844
2023-11-29,97.88600158691406,97.9530029296875,97.34400177001953,97.88600158691406
2023-11-30,97.3010025024414,98.0780029296875,97.26799774169922,97.3010025024414
2023-12-01,97.77799987792969,98.05899810791016,97.7020034790039,97.77799987792969
2023-12-04,97.82099914550781,97.90499877929688,97.19599914550781,97.82099914550781
2023-12-05,97.48200225830078,97.50299835205078,96.27400207519531,97.48200225830078
2023-12-06,96.44000244140625,97.1729965209961,96.47200012207031,96.44000244140625
2023-12-07,96.42400360107422,96.4749984741211,94.83799743652344,96.42400360107422
2023-12-08,95.13099670410156,95.58599853515625,94.18299865722656,95.13099670410156
2023-12-11,95.38700103759766,96.13500213623047,95.31900024414062,95.38700103759766
2023-12-12,95.9000015258789,96.0,95.3219985961914,95.9000015258789
2023-12-13,95.36900329589844,95.62000274658203,95.33999633789062,95.36900329589844
2023-12-14,95.14800262451172,95.49199676513672,94.8489990234375,95.14800262451172
2023-12-15,95.35900115966797,95.43299865722656,94.73500061035156,95.35900115966797
2023-12-18,95.32499694824219,96.13500213623047,95.28500366210938,95.32499694824219
2023-12-19,95.66899871826172,97.56300354003906,95.49500274658203,95.66899871826172
2023-12-20,97.26799774169922,97.38099670410156,96.91100311279297,97.27999877929688
2023-12-21,96.70999908447266,96.76699829101562,96.3290023803711,96.70999908447266
2023-12-22,96.52100372314453,97.02999877929688,96.36199951171875,96.52100372314453
2023-12-25,96.83375549316406,97.15035247802734,95.33100128173828,96.83375549316406
2023-12-26,96.77899932861328,97.10299682617188,96.73300170898438,96.77899932861328
2023-12-27,97.20500183105469,97.58499908447266,97.13999938964844,97.20500183105469
2023-12-28,96.9209976196289,97.2020034790039,96.10299682617188,96.9209976196289
2023-12-29,96.54000091552734,96.8499984741211,96.02400207519531,96.54000091552734
2024-01-01,96.21942138671875,96.2300033569336,95.58000183105469,96.21942138671875
2024-01-02,96.10199737548828,96.697998046875,95.9280014038086,96.10199737548828
2024-01-03,96.177001953125,96.45500183105469,95.87999725341797,96.177001953125
2024-01-04,96.30400085449219,97.18699645996094,96.19200134277344,96.30400085449219
2024-01-05,97.072998046875,97.36599731445312,96.90299987792969,97.072998046875
2024-01-08,97.18499755859375,97.27899932861328,96.46700286865234,97.20099639892578
2024-01-09,96.8740005493164,96.90499877929688,96.1510009765625,96.8740005493164
2024-01-10,96.5469970703125,97.53500366210938,96.55400085449219,96.5469970703125
2024-01-11,97.6729965209961,97.78299713134766,97.11799621582031,97.6729965209961
2024-01-12,97.15699768066406,97.43499755859375,96.87699890136719,97.15699768066406
2024-01-15,97.08799743652344,97.15599822998047,96.97799682617188,97.08100128173828
2024-01-16,96.95800018310547,97.03099822998047,96.58000183105469,96.95800018310547
2024-01-17,97.01200103759766,97.13400268554688,96.65299987792969,97.01200103759766
2024-01-18,97.01000213623047,97.24500274658203,96.83499908447266,97.01000213623047
2024-01-19,97.46499633789062,97.73100280761719,97.25199890136719,97.46499633789062
2024-01-22,97.68299865722656,97.86900329589844,97.25,97.69200134277344
2024-01-23,97.33499908447266,97.80400085449219,97.09600067138672,97.33499908447266
2024-01-24,97.59400177001953,97.54199981689453,96.91000366210938,97.59400177001953
2024-01-25,97.03299713134766,97.32499694824219,96.91200256347656,97.03299713134766
2024-01-26,97.23699951171875,97.65399932861328,97.12799835205078,97.23699951171875
2024-01-29,97.44100189208984,97.69499969482422,97.30699920654297,97.44100189208984
2024-01-30,97.52999877929688,97.58000183105469,96.9280014038086,97.52999877929688
2024-01-31,97.18000030517578,97.37200164794922,96.45099639892578,97.18000030517578
2024-02-01,96.44499969482422,96.58499908447266,95.50599670410156,96.44499969482422
2024-02-02,96.28600311279297,96.91600036621094,96.26699829101562,96.28600311279297
2024-02-05,96.59600067138672,96.7239990234375,96.08499908447266,96.59600067138672
2024-02-06,96.31800079345703,96.78399658203125,96.28199768066406,96.31800079345703
2024-02-07,96.47000122070312,96.77999877929688,96.43800354003906,96.47000122070312
2024-02-08,96.56500244140625,97.0270004272461,96.5469970703125,96.56500244140625
2024-02-09,96.98400115966797,97.44999694824219,96.39299774169922,96.98400115966797
2024-02-12,97.3239974975586,97.64900207519531,97.12999725341797,97.3239974975586
2024-02-13,97.54199981689453,97.59300231933594,97.16999816894531,97.54299926757812
2024-02-14,97.26399993896484,97.69200134277344,97.0719985961914,97.26399993896484
2024-02-15,97.82599639892578,97.84300231933594,97.32599639892578,97.82599639892578
2024-02-16,97.84300231933594,98.20099639892578,97.7040023803711,97.84300231933594
2024-02-19,98.14199829101562,98.20700073242188,97.97000122070312,98.12100219726562
2024-02-20,98.13099670410156,98.60299682617188,98.02999877929688,98.13099670410156
2024-02-21,98.26599884033203,98.58799743652344,98.25,98.26599884033203
2024-02-22,98.52999877929688,99.01599884033203,98.36000061035156,98.52999877929688
2024-02-23,98.69999694824219,99.0459976196289,98.60299682617188,98.69999694824219
2024-02-26,98.7760009765625,98.7760009765625,98.46600341796875,98.79900360107422
2024-02-27,98.45500183105469,98.61100006103516,98.20800018310547,98.44300079345703
2024-02-28,98.4739990234375,98.53199768066406,97.80999755859375,98.4739990234375
2024-02-29,97.83799743652344,97.83799743652344,97.34500122070312,97.82099914550781
2024-03-01,97.53199768066406,98.0770034790039,97.5459976196289,97.53199768066406
2024-03-04,97.9800033569336,98.13899993896484,97.87300109863281,97.9800033569336
2024-03-05,97.90599822998047,97.9520034790039,97.43800354003906,97.90599822998047
2024-03-06,97.57599639892578,98.20500183105469,97.38700103759766,97.57599639892578
2024-03-07,98.00700378417969,98.02999877929688,97.43299865722656,98.00700378417969
2024-03-08,97.9000015258789,98.14199829101562,97.49700164794922,97.9000015258789
2024-03-11,97.22212219238281,97.29299926757812,96.89900207519531,97.22212219238281
2024-03-12,97.0469970703125,97.66899871826172,97.01300048828125,97.06500244140625
2024-03-13,97.5260009765625,97.9260025024414,97.24099731445312,97.5260009765625
2024-03-14,97.83000183105469,97.9280014038086,97.42400360107422,97.83000183105469
2024-03-15,97.56300354003906,97.94999694824219,97.26399993896484,97.56300354003906
2024-03-18,97.677001953125,98.03900146484375,97.6729965209961,97.677001953125
2024-03-19,97.80400085449219,98.4800033569336,97.6500015258789,97.80400085449219
2024-03-20,98.56199645996094,99.01599884033203,98.53800201416016,98.56199645996094
2024-03-21,99.4540023803711,100.16100311279297,99.0719985961914,99.4540023803711
2024-03-22,99.64099884033203,99.70099639892578,98.52899932861328,99.64099884033203
2024-03-25,98.58000183105469,99.04100036621094,98.53700256347656,98.58000183105469
2024-03-26,98.96700286865234,99.23899841308594,98.88800048828125,98.96700286865234
2024-03-27,99.0780029296875,99.06900024414062,98.48699951171875,99.0780029296875
2024-03-28,98.63300323486328,98.9219970703125,98.16999816894531,98.63300323486328
2024-03-29,98.62999725341797,98.78399658203125,98.46399688720703,98.62999725341797
2024-03-31,98.88999938964844,98.94499969482422,98.33899688720703,98.88999938964844
2024-04-01,98.33599853515625,98.80500030517578,98.25,98.33599853515625
2024-04-02,98.70999908447266,99.51699829101562,98.58799743652344,98.70999908447266
2024-04-03,99.55599975585938,100.38700103759766,99.50800323486328,99.55599975585938
2024-04-04,99.66100311279297,99.79900360107422,99.2020034790039,99.66100311279297
2024-04-07,99.65599822998047,100.31400299072266,99.5250015258789,99.65599822998047
2024-04-08,100.28600311279297,100.79299926757812,100.20999908447266,100.28600311279297
2024-04-09,100.59600067138672,100.62999725341797,99.4469985961914,100.59600067138672
2024-04-10,99.52899932861328,100.18299865722656,99.40399932861328,99.52899932861328
2024-04-11,100.18800354003906,100.19200134277344,98.75299835205078,100.18800354003906
2024-04-14,99.25599670410156,100.00299835205078,99.2030029296875,99.25599670410156
2024-04-15,99.33799743652344,99.36199951171875,98.80999755859375,99.33799743652344
2024-04-16,99.19400024414062,99.5270004272461,99.00599670410156,99.19400024414062
2024-04-17,99.38400268554688,99.572998046875,99.21199798583984,99.38400268554688
2024-04-18,99.3239974975586,99.38899993896484,97.79299926757812,99.3239974975586
2024-04-21,99.35099792480469,99.80500030517578,99.33499908447266,99.36399841308594
2024-04-22,99.84600067138672,100.39399719238281,99.70899963378906,99.84600067138672
2024-04-23,100.40399932861328,101.05000305175781,100.1719970703125,100.40399932861328
2024-04-24,100.86900329589844,101.64600372314453,100.8219985961914,100.86900329589844
2024-04-25,101.49500274658203,102.8949966430664,101.41999816894531,101.49500274658203
2024-04-28,103.48999786376953,104.7760009765625,101.38899993896484,103.48999786376953
2024-04-29,102.55000305175781,102.88300323486328,102.0999984741211,102.55000305175781
2024-04-30,102.13700103759766,102.43800354003906,101.77999877929688,102.13700103759766
2024-05-01,101.69999694824219,102.01499938964844,100.47599792480469,101.69999694824219
2024-05-02,100.56800079345703,101.15899658203125,100.45600128173828,100.56800079345703
2024-05-05,101.48600006103516,102.03700256347656,101.42500305175781,101.48600006103516
2024-05-06,102.15799713134766,102.45999908447266,101.59100341796875,102.15799713134766
2024-05-07,101.96299743652344,102.3499984741211,101.80000305175781,101.96299743652344
2024-05-08,102.21199798583984,102.8489990234375,102.08000183105469,102.21199798583984
2024-05-09,102.83300018310547,103.04000091552734,102.77300262451172,102.83300018310547
2024-05-12,102.84400177001953,103.25199890136719,102.64199829101562,102.84400177001953
2024-05-13,103.2750015258789,103.68499755859375,103.16999816894531,103.2750015258789
2024-05-14,103.66300201416016,104.01399993896484,103.16000366210938,103.66300201416016
2024-05-15,103.37100219726562,103.7509994506836,102.83599853515625,103.37100219726562
2024-05-16,103.80999755859375,104.03500366210938,103.62300109863281,103.80999755859375
2024-05-19,104.35900115966797,104.55599975585938,103.91999816894531,104.35900115966797
2024-05-20,104.3239974975586,104.4209976196289,103.91400146484375,104.3239974975586
2024-05-21,104.16600036621094,104.4209976196289,103.81400299072266,104.16600036621094
2024-05-22,103.72200012207031,104.23300170898438,103.64800262451172,103.72200012207031
2024-05-23,103.61699676513672,104.10800170898438,103.51300048828125,103.61699676513672
2024-05-26,103.90299987792969,104.43699645996094,103.86399841308594,103.90299987792969
2024-05-27,104.38099670410156,104.60700225830078,104.34300231933594,104.38099670410156
2024-05-28,104.54399871826172,104.79499816894531,104.12799835205078,104.53900146484375
2024-05-29,104.2249984741211,104.24700164794922,103.35700225830078,104.2249984741211
2024-05-30,104.05699920654297,104.62300109863281,103.81999969482422,104.05699920654297
2024-06-02,104.60900115966797,104.7030029296875,103.91899871826172,104.60900115966797
2024-06-03,104.40899658203125,104.60399627685547,102.61799621582031,104.40899658203125
2024-06-04,103.08999633789062,103.98600006103516,103.07499694824219,103.08999633789062
2024-06-05,103.73999786376953,103.96800231933594,103.63099670410156,103.73999786376953
2024-06-06,103.83599853515625,103.9489974975586,102.98500061035156,103.83599853515625
2024-06-09,103.22899627685547,103.72899627685547,103.15699768066406,103.22899627685547
2024-06-10,103.75106048583984,103.92900085449219,103.54000091552734,103.75106048583984
2024-06-11,103.80500030517578,104.51699829101562,103.6259994506836,103.80500030517578
2024-06-12,104.46800231933594,104.66799926757812,104.04199981689453,104.46800231933594
2024-06-13,104.21499633789062,104.7770004272461,103.63400268554688,104.21499633789062
2024-06-16,104.12999725341797,104.21600341796875,103.5979995727539,104.12999725341797
2024-06-17,104.3740005493164,105.072998046875,104.03900146484375,104.3740005493164
2024-06-18,105.1520004272461,105.41899871826172,105.0999984741211,105.12699890136719
2024-06-19,105.43299865722656,105.89399719238281,105.33399963378906,105.43299865722656
2024-06-20,105.85700225830078,105.96199798583984,105.49400329589844,105.85700225830078
2024-06-23,106.05000305175781,106.36000061035156,105.75499725341797,106.05000305175781
2024-06-24,106.25700378417969,106.38200378417969,105.93000030517578,106.25700378417969
2024-06-25,106.10399627685547,106.91600036621094,105.97899627685547,106.10399627685547
2024-06-26,106.71900177001953,107.0469970703125,106.6449966430664,106.71900177001953
2024-06-27,106.86299896240234,107.43800354003906,106.55599975585938,106.86299896240234
2024-06-30,107.37000274658203,107.80400085449219,107.2509994506836,107.37000274658203
2024-07-01,107.47100067138672,107.65299987792969,107.24400329589844,107.47100067138672
2024-07-02,107.69499969482422,108.48500061035156,107.68199920654297,107.69499969482422
2024-07-03,108.44999694824219,108.48200225830078,108.2969970703125,108.44999694824219
2024-07-04,108.50800323486328,108.58599853515625,108.12200164794922,108.50800323486328
2024-07-07,108.36599731445312,108.56700134277344,108.16200256347656,108.36599731445312
2024-07-08,108.46099853515625,108.72100067138672,108.38300323486328,108.46099853515625
2024-07-09,108.75299835205078,109.14600372314453,108.74099731445312,108.75299835205078
2024-07-10,109.1050033569336,109.36499786376953,107.03900146484375,109.1050033569336
2024-07-11,107.03900146484375,107.8489990234375,106.71499633789062,107.03900146484375
2024-07-14,107.1780014038086,107.20500183105469,106.93099975585938,107.1780014038086
2024-07-15,106.95099639892578,107.0790023803711,106.5469970703125,106.95099639892578
2024-07-16,106.59200286865234,106.81900024414062,105.24400329589844,106.59200286865234
2024-07-17,104.77400207519531,105.59700012207031,104.61799621582031,104.77400207519531
2024-07-18,105.37100219726562,105.76699829101562,105.1729965209961,105.37100219726562
2024-07-21,105.40599822998047,105.36699676513672,103.97899627685547,105.40599822998047
2024-07-22,104.16899871826172,104.19100189208984,103.16999816894531,104.16899871826172
2024-07-23,102.98799896240234,103.0979995727539,101.05699920654297,102.98799896240234
2024-07-24,101.1719970703125,101.1760025024414,99.20500183105469,101.1719970703125
2024-07-25,100.51899719238281,101.48200225830078,100.427001953125,100.51899719238281
2024-07-28,101.00900268554688,101.22000122070312,100.37899780273438,101.00900268554688
2024-07-29,100.7699966430664,101.76599884033203,100.40699768066406,100.7699966430664
2024-07-30,99.85700225830078,99.85600280761719,97.40899658203125,99.85700225830078
2024-07-31,98.02799987792969,98.73300170898438,97.1760025024414,98.02799987792969
2024-08-01,96.9010009765625,97.43000030517578,95.36399841308594,96.9010009765625
2024-08-04,94.58200073242188,94.7750015258789,90.36900329589844,94.58200073242188
2024-08-05,94.98500061035156,95.44300079345703,93.44400024414062,94.98500061035156
2024-08-06,94.26499938964844,97.01000213623047,94.1719970703125,94.26499938964844
2024-08-07,95.20099639892578,96.98500061035156,94.74800109863281,95.20099639892578
2024-08-08,97.3219985961914,97.33399963378906,96.2229995727539,97.3219985961914
2024-08-11,96.60099792480469,97.83999633789062,96.50800323486328,96.59300231933594
2024-08-12,96.77799987792969,97.72899627685547,96.73200225830078,96.77799987792969
2024-08-13,97.5469970703125,97.83799743652344,96.76000213623047,97.5469970703125
2024-08-14,97.18000030517578,98.78299713134766,96.71700286865234,97.18000030517578
2024-08-15,98.66100311279297,98.89399719238281,97.81600189208984,98.66100311279297
2024-08-18,98.7239990234375,98.90799713134766,97.01499938964844,98.7239990234375
2024-08-19,98.79499816894531,99.01300048828125,98.0770034790039,98.79499816894531
2024-08-20,98.05699920654297,98.5780029296875,97.875,98.05699920654297
2024-08-21,97.94599914550781,98.4010009765625,97.59700012207031,97.94599914550781
2024-08-22,98.06600189208984,98.5780029296875,97.60399627685547,98.06600189208984
2024-08-25,97.73400115966797,97.9260025024414,97.26100158691406,97.73400115966797
2024-08-26,97.86799621582031,98.40899658203125,97.69300079345703,97.86799621582031
2024-08-27,97.7229995727539,98.26699829101562,97.68900299072266,97.7229995727539
2024-08-28,97.96299743652344,98.93000030517578,97.88999938964844,97.96299743652344
2024-08-29,98.45500183105469,98.9489974975586,98.26000213623047,98.45500183105469
2024-09-01,99.05999755859375,99.8219985961914,98.552001953125,99.05999755859375
2024-09-02,99.57599639892578,99.81800079345703,97.66100311279297,99.57599639892578
2024-09-03,97.5770034790039,97.66500091552734,96.91999816894531,97.5770034790039
2024-09-04,96.24199676513672,97.01699829101562,96.11000061035156,96.24199676513672
2024-09-05,96.6449966430664,96.71299743652344,94.7979965209961,96.6449966430664
2024-09-08,95.03900146484375,95.68900299072266,94.91300201416016,95.03900146484375
2024-09-09,95.31900024414062,95.69000244140625,94.58699798583984,95.302001953125
2024-09-10,94.62100219726562,94.81999969482422,93.61900329589844,94.62100219726562
2024-09-11,95.1719970703125,95.6500015258789,94.73100280761719,95.1719970703125
2024-09-12,95.18000030517578,95.20500183105469,94.16400146484375,95.18000030517578
2024-09-15,94.51899719238281,94.87799835205078,93.88300323486328,94.51899719238281
2024-09-16,95.05599975585938,95.947998046875,94.71600341796875,95.05000305175781
2024-09-17,96.03099822998047,96.31900024414062,95.33499908447266,96.03099822998047
2024-09-18,96.52300262451172,97.84400177001953,96.54399871826172,96.52300262451172
2024-09-19,97.27100372314453,98.29900360107422,96.7300033569336,97.27100372314453
2024-09-22,98.06029510498047,98.69499969482422,97.63400268554688,98.06029510498047
2024-09-23,98.15799713134766,99.05699920654297,97.9990005493164,98.15799713134766
2024-09-24,98.71800231933594,99.33000183105469,98.49199676513672,98.71800231933594
2024-09-25,98.69100189208984,99.87300109863281,98.63800048828125,98.69100189208984
2024-09-26,99.98899841308594,100.69100189208984,98.33799743652344,99.98899841308594
2024-09-29,98.78199768066406,99.3740005493164,98.09700012207031,98.78199768066406
2024-09-30,99.38200378417969,100.08899688720703,98.38899993896484,99.38200378417969
2024-10-01,98.87799835205078,100.73699951171875,98.74199676513672,98.87799835205078
2024-10-02,100.9260025024414,101.25,100.25599670410156,100.9260025024414
2024-10-03,100.5739974975586,101.1240005493164,99.92900085449219,100.5739974975586
2024-10-06,101.19300079345703,101.18800354003906,100.08300018310547,101.19300079345703
2024-10-07,100.05000305175781,100.12699890136719,99.11000061035156,100.05000305175781
2024-10-08,99.83999633789062,100.38700103759766,99.70999908447266,99.83999633789062
2024-10-09,100.18699645996094,100.7490005493164,99.71299743652344,100.18699645996094
2024-10-10,100.23400115966797,100.77300262451172,100.03199768066406,100.21299743652344
2024-10-13,100.51100158691406,100.93000030517578,100.33999633789062,100.51100158691406
2024-10-14,100.62100219726562,100.75399780273438,99.8479995727539,100.62100219726562
2024-10-15,99.625,100.03700256347656,99.4520034790039,99.625
2024-10-16,99.68099975585938,100.62699890136719,99.61599731445312,99.68099975585938
2024-10-17,100.5530014038086,100.82499694824219,100.19300079345703,100.5530014038086
2024-10-20,100.43399810791016,100.44400024414062,99.94999694824219,100.43399810791016
2024-10-21,100.17776489257812,101.01000213623047,100.16300201416016,100.17776489257812
2024-10-22,101.00399780273438,101.68800354003906,100.98100280761719,101.00399780273438
2024-10-23,101.3550033569336,101.40799713134766,100.52999877929688,101.3550033569336
2024-10-24,100.70099639892578,101.06900024414062,100.30999755859375,100.70099639892578
2024-10-28,100.98899841308594,101.50800323486328,100.69200134277344,100.98899841308594
2024-10-29,100.81800079345703,100.93699645996094,100.26799774169922,100.81800079345703
2024-10-30,100.54199981689453,100.9540023803711,100.20099639892578,100.54199981689453
2024-10-31,100.697998046875,100.91000366210938,99.55999755859375,100.697998046875
2024-11-01,99.9520034790039,100.71199798583984,99.84100341796875,99.9520034790039
2024-11-04,100.37200164794922,100.45500183105469,100.02200317382812,100.37200164794922
2024-11-05,100.25299835205078,100.91799926757812,100.12999725341797,100.25299835205078
2024-11-06,100.55599975585938,101.64099884033203,100.26699829101562,100.55599975585938
2024-11-07,101.33200073242188,102.38500213623047,101.34200286865234,101.33200073242188
2024-11-08,102.26899719238281,102.23999786376953,100.26100158691406,102.26899719238281
2024-11-11,100.67400360107422,101.33699798583984,100.6780014038086,100.67400360107422
2024-11-12,100.94100189208984,101.23699951171875,100.51100158691406,100.94100189208984
2024-11-13,100.9729995727539,101.26899719238281,100.46399688720703,100.9729995727539
2024-11-14,100.90699768066406,101.16200256347656,100.697998046875,100.90699768066406
2024-11-15,100.98500061035156,101.19400024414062,99.83000183105469,100.98500061035156
2024-11-18,99.95800018310547,100.63800048828125,99.56600189208984,99.95800018310547
2024-11-19,100.58599853515625,100.72200012207031,99.51599884033203,100.58599853515625
2024-11-20,101.2020034790039,101.5479965209961,100.5739974975586,101.2020034790039
2024-11-21,101.11900329589844,101.13200378417969,100.30999755859375,101.11900329589844
2024-11-22,100.38700103759766,100.7969970703125,100.06300354003906,100.38700103759766
2024-11-25,100.802001953125,100.96099853515625,100.01899719238281,100.5999984741211
2024-11-26,99.77999877929688,100.01499938964844,99.08000183105469,99.77999877929688
2024-11-27,99.0510025024414,99.13899993896484,97.78600311279297,99.0510025024414
2024-11-28,98.31600189208984,98.73600006103516,98.13899993896484,98.33300018310547
2024-11-29,98.36599731445312,98.375,97.447998046875,98.36599731445312
2024-12-02,97.4020004272461,98.00499725341797,96.28800201416016,97.45800018310547
2024-12-03,96.79900360107422,97.50700378417969,96.17900085449219,96.79900360107422
2024-12-04,97.04299926757812,97.14299774169922,95.90699768066406,97.04299926757812
2024-12-05,96.8239974975586,97.06700134277344,96.33100128173828,96.8239974975586
2024-12-06,96.87300109863281,96.88200378417969,95.58000183105469,96.87300109863281
2024-12-09,95.94599914550781,97.76000213623047,95.61799621582031,95.94599914550781
2024-12-10,97.46700286865234,97.4530029296875,96.46600341796875,97.46700286865234
2024-12-11,96.78797912597656,97.125,96.1240005493164,96.78797912597656
2024-12-12,97.16999816894531,98.0479965209961,96.96299743652344,97.16999816894531
2024-12-13,97.14900207519531,97.9520034790039,97.0199966430664,97.14900207519531
2024-12-16,97.69400024414062,98.2490005493164,97.63600158691406,97.69400024414062
2024-12-17,98.24400329589844,98.33799743652344,97.21399688720703,98.24400329589844
2024-12-18,97.33699798583984,97.40599822998047,96.79900360107422,97.33699798583984
2024-12-19,95.98500061035156,98.7229995727539,95.91899871826172,95.98500061035156
2024-12-20,98.23100280761719,98.38600158691406,97.43099975585938,98.23100280761719
2024-12-23,97.87000274658203,98.1240005493164,97.7509994506836,97.87000274658203
2024-12-24,98.08000183105469,98.15799713134766,97.74299621582031,98.08000183105469
2024-12-25,97.94000244140625,98.30999755859375,90.86000061035156,97.94000244140625
2024-12-26,98.10299682617188,98.43299865722656,97.91400146484375,98.10299682617188
2024-12-27,98.15799713134766,98.25,97.7959976196289,98.15799713134766
2024-12-30,98.26899719238281,98.72200012207031,97.29000091552734,98.26899719238281
2024-12-31,97.62300109863281,97.63600158691406,96.93499755859375,97.62300109863281
2025-01-02,97.65699768066406,97.91500091552734,97.05400085449219,97.65699768066406
2025-01-03,97.55999755859375,97.87999725341797,97.4990005493164,97.55999755859375
2025-01-06,97.94599914550781,98.88099670410156,97.98600006103516,97.94599914550781
2025-01-07,98.41000366210938,99.14800262451172,98.39399719238281,98.41000366210938
2025-01-08,98.64800262451172,98.6449966430664,98.01100158691406,98.64800262451172
2025-01-09,98.25199890136719,98.27100372314453,97.67500305175781,98.25199890136719
2025-01-10,97.822998046875,98.19400024414062,96.79900360107422,97.822998046875
2025-01-13,97.1709976196289,97.23400115966797,96.38999938964844,97.1709976196289
2025-01-14,97.43499755859375,97.94300079345703,97.26200103759766,97.43499755859375
2025-01-15,97.84300231933594,97.84600067138672,97.23200225830078,97.84300231933594
2025-01-16,97.4280014038086,97.572998046875,96.50599670410156,97.4280014038086
2025-01-17,96.47000122070312,97.14700317382812,96.07099914550781,96.47000122070312
2025-01-20,96.8280029296875,97.75800323486328,96.66699981689453,96.8280029296875
2025-01-21,97.50199890136719,97.5199966430664,96.7760009765625,97.50199890136719
2025-01-22,97.52799987792969,98.28800201416016,97.46299743652344,97.52799987792969
2025-01-23,98.1259994506836,98.32099914550781,97.84500122070312,98.1259994506836
2025-01-24,98.1020278930664,98.76399993896484,97.89199829101562,98.1020278930664
2025-01-27,97.99400329589844,98.2239990234375,96.76699829101562,97.99400329589844
2025-01-28,97.02300262451172,97.47699737548828,96.83999633789062,97.02300262451172
2025-01-29,97.26699829101562,97.33399963378906,96.48500061035156,97.26699829101562
2025-01-30,96.81300354003906,96.81099700927734,95.85700225830078,96.81300354003906
2025-01-31,95.76100158691406,96.73400115966797,95.62000274658203,95.76100158691406
2025-02-03,95.44200134277344,95.90499877929688,94.63999938964844,95.44200134277344
2025-02-04,96.53800201416016,96.74199676513672,95.58000183105469,96.53800201416016
2025-02-05,96.33300018310547,96.44400024414062,95.7030029296875,96.33300018310547
2025-02-06,95.90286254882812,95.94499969482422,95.2040023803711,95.90286254882812
2025-02-07,94.96600341796875,95.66300201416016,94.48799896240234,94.96600341796875
2025-02-10,95.02899932861328,95.66100311279297,94.98100280761719,95.02899932861328
2025-02-11,95.15299987792969,95.927001953125,95.07499694824219,95.15299987792969
2025-02-12,96.18699645996094,97.18299865722656,96.17500305175781,96.18699645996094
2025-02-13,96.88600158691406,97.26599884033203,96.01599884033203,96.88600158691406
2025-02-14,96.63099670410156,96.96099853515625,96.33499908447266,96.63099670410156
2025-02-17,96.62000274658203,96.7300033569336,96.30999755859375,96.62000274658203
2025-02-18,96.24600219726562,96.76799774169922,96.13600158691406,96.24600219726562
2025-02-19,96.51399993896484,96.73600006103516,96.01399993896484,96.51399993896484
2025-02-20,95.87699890136719,95.95099639892578,95.33100128173828,95.87699890136719
2025-02-21,95.64800262451172,96.48799896240234,95.24199676513672,95.64800262451172
2025-02-24,95.1520004272461,95.43599700927734,94.72200012207031,95.1520004272461
2025-02-25,94.9729995727539,95.3030014038086,94.02899932861328,94.9729995727539
2025-02-26,94.68000030517578,94.7040023803711,94.10299682617188,94.68000030517578
2025-02-27,93.91600036621094,94.50299835205078,93.50900268554688,93.91600036621094
2025-02-28,93.47799682617188,93.84600067138672,92.73799896240234,93.47799682617188
2025-03-03,93.77999877929688,94.2249984741211,93.197998046875,93.77999877929688
2025-03-04,92.7699966430664,92.91699981689453,91.86199951171875,92.7699966430664
2025-03-05,93.88899993896484,94.21099853515625,93.38300323486328,93.88899993896484
2025-03-06,94.35800170898438,94.69999694824219,93.3270034790039,94.35800170898438
2025-03-07,93.77400207519531,93.79100036621094,92.43800354003906,93.77400207519531
2025-03-10,93.04100036621094,93.39600372314453,92.48500061035156,93.04100036621094
2025-03-11,92.33799743652344,93.24600219726562,91.85099792480469,92.33799743652344
2025-03-12,93.18699645996094,93.82499694824219,93.00599670410156,93.18699645996094
2025-03-13,93.81099700927734,93.9209976196289,92.85099792480469,93.81099700927734
2025-03-14,93.01200103759766,94.09200286865234,92.93399810791016,93.01200103759766
2025-03-17,93.99800109863281,94.7959976196289,93.9229965209961,93.99800109863281
2025-03-18,95.31999969482422,95.73999786376953,94.91200256347656,95.31999969482422
2025-03-19,95.06199645996094,95.34100341796875,94.39199829101562,95.06199645996094
2025-03-20,94.48500061035156,94.46299743652344,93.1709976196289,94.48500061035156
2025-03-21,93.66500091552734,94.2020034790039,93.1969985961914,93.66500091552734
2025-03-24,94.10900115966797,94.71299743652344,93.94999694824219,94.10900115966797
2025-03-25,94.76200103759766,94.90799713134766,94.36399841308594,94.76200103759766
2025-03-26,94.55899810791016,95.1729965209961,94.32599639892578,94.55899810791016
2025-03-27,94.58799743652344,95.38600158691406,94.44400024414062,94.58799743652344
2025-03-28,95.04399871826172,95.15599822998047,94.31999969482422,95.04399871826172
2025-03-30,93.99299621582031,94.02300262451172,93.05339050292969,93.99299621582031
2025-03-31,93.5459976196289,93.88400268554688,93.14600372314453,93.5459976196289
2025-04-01,94.19999694824219,94.54900360107422,93.93699645996094,94.19999694824219
2025-04-02,92.62100219726562,93.08599853515625,92.28800201416016,92.62100219726562
2025-04-03,92.51200103759766,92.625,87.4489974975586,92.45500183105469
2025-04-06,87.05400085449219,90.2979965209961,86.75299835205078,87.05400085449219
2025-04-07,88.62899780273438,89.67900085449219,88.20700073242188,88.62899780273438
2025-04-08,86.84100341796875,87.88200378417969,86.1760025024414,86.84100341796875
2025-04-09,90.3949966430664,91.08699798583984,89.32099914550781,90.3949966430664
2025-04-10,89.44999694824219,89.95999908447266,88.29900360107422,89.44999694824219
2025-04-13,90.52999877929688,90.71900177001953,89.5989990234375,90.52999877929688
2025-04-14,90.50299835205078,91.37899780273438,90.48699951171875,90.50299835205078
2025-04-15,90.68000030517578,91.19599914550781,90.16000366210938,90.68000030517578
2025-04-16,90.39800262451172,90.86299896240234,90.33000183105469,90.39800262451172
2025-04-21,90.46299743652344,90.5469970703125,89.6449966430664,90.46299743652344
2025-04-22,90.96199798583984,91.56600189208984,90.58399963378906,90.96199798583984
2025-04-23,91.14900207519531,91.26300048828125,90.56800079345703,91.14900207519531
2025-04-24,91.44200134277344,92.20700073242188,91.33999633789062,91.44200134277344
2025-04-27,91.77799987792969,91.93299865722656,91.47000122070312,91.77799987792969
2025-04-28,91.39099884033203,91.66100311279297,90.58999633789062,91.39099884033203
2025-04-29,90.85199737548828,91.5260009765625,90.69400024414062,90.85199737548828
2025-04-30,91.7020034790039,92.87799835205078,91.60199737548828,91.7020034790039
2025-05-01,92.88200378417969,93.44999694824219,92.73699951171875,92.88200378417969
2025-05-04,93.20899963378906,93.45500183105469,93.02400207519531,93.20899963378906
2025-05-05,92.80899810791016,93.02999877929688,92.12100219726562,92.80899810791016
2025-05-06,93.05599975585938,93.06500244140625,92.56199645996094,93.05599975585938
2025-05-07,92.5009994506836,93.375,92.43800354003906,92.5009994506836
2025-05-08,93.33699798583984,93.38600158691406,92.85399627685547,93.33699798583984
2025-05-11,93.62000274658203,94.89600372314453,93.51899719238281,93.62000274658203
2025-05-12,94.48999786376953,95.62300109863281,94.0739974975586,94.48999786376953
2025-05-13,95.47699737548828,95.55500030517578,94.18900299072266,95.47699737548828
2025-05-14,94.2300033569336,94.35700225830078,93.13800048828125,94.2300033569336
2025-05-15,93.26300048828125,93.48400115966797,92.75,93.26300048828125
2025-05-18,93.11100006103516,93.6719970703125,92.88500213623047,93.11100006103516
2025-05-19,93.58300018310547,93.81600189208984,92.49700164794922,93.58300018310547
2025-05-20,92.72200012207031,92.91500091552734,92.52999877929688,92.72200012207031
2025-05-21,92.46800231933594,92.48600006103516,92.00499725341797,92.46800231933594
2025-05-22,92.2030029296875,92.68399810791016,91.67400360107422,92.2030029296875
2025-05-25,92.86599731445312,93.18499755859375,92.70500183105469,92.86599731445312
2025-05-26,92.447998046875,93.09200286865234,92.1500015258789,92.447998046875
2025-05-27,92.94400024414062,93.19200134277344,92.73999786376953,92.94400024414062
2025-05-28,93.59700012207031,93.84200286865234,92.78600311279297,93.59700012207031
2025-05-29,92.66899871826172,92.89299774169922,92.08899688720703,92.66899871826172
2025-06-01,92.6510009765625,92.83100128173828,92.3949966430664,92.6510009765625
2025-06-02,92.56199645996094,93.05599975585938,92.06099700927734,92.56199645996094
2025-06-03,92.99400329589844,93.59200286865234,92.76499938964844,92.99400329589844
2025-06-04,92.62100219726562,93.77300262451172,92.60299682617188,92.62100219726562
2025-06-05,93.44100189208984,94.10299682617188,93.37799835205078,93.44100189208984
2025-06-08,94.04199981689453,94.28199768066406,93.91100311279297,94.04199981689453
2025-06-09,94.19999694824219,94.59500122070312,93.91899871826172,94.19999694824219
2025-06-10,94.52100372314453,94.62100219726562,94.18000030517578,94.52100372314453
2025-06-11,93.85700225830078,93.90699768066406,93.23999786376953,93.85700225830078
2025-06-12,93.45899963378906,93.8479995727539,92.36199951171875,93.45899963378906
2025-06-15,93.58352661132812,94.2239990234375,93.41600036621094,93.58352661132812
2025-06-16,94.18499755859375,94.81999969482422,94.18199920654297,94.18499755859375
2025-06-17,94.19100189208984,94.4000015258789,93.9469985961914,94.19100189208984
2025-06-18,94.31500244140625,94.322998046875,93.81900024414062,94.31500244140625
2025-06-19,94.1780014038086,94.5469970703125,94.06999969482422,94.1780014038086
2025-06-22,94.25299835205078,94.66500091552734,93.8479995727539,94.25299835205078
2025-06-23,94.5199966430664,94.53199768066406,94.08699798583984,94.5199966430664
2025-06-24,94.12899780273438,94.73600006103516,94.0270004272461,94.12899780273438
2025-06-25,94.50199890136719,94.62000274658203,94.06600189208984,94.50199890136719
2025-06-26,94.71099853515625,94.83699798583984,94.39099884033203,94.71099853515625
2025-06-29,94.39099884033203,94.7490005493164,94.0,94.39099884033203
2025-06-30,94.56199645996094,94.58899688720703,93.97599792480469,94.56199645996094
2025-07-01,94.35299682617188,94.6719970703125,94.1259994506836,94.35299682617188
2025-07-02,94.47100067138672,95.29399871826172,94.33599853515625,94.47100067138672
2025-07-03,95.15499877929688,95.19999694824219,94.57099914550781,95.15499877929688
2025-07-06,94.66300201416016,95.02599334716797,94.23300170898438,94.66300201416016
2025-07-07,94.90899658203125,95.9530029296875,94.9000015258789,94.90899658203125
2025-07-08,95.802001953125,96.20600128173828,95.60299682617188,95.802001953125
2025-07-09,95.49299621582031,96.26799774169922,95.3949966430664,95.49299621582031
2025-07-10,96.4489974975586,97.0250015258789,95.99800109863281,96.4489974975586
2025-07-13,96.85900115966797,96.91699981689453,96.45700073242188,96.85900115966797
2025-07-14,96.71299743652344,97.427001953125,96.53800201416016,96.71299743652344
2025-07-15,96.94999694824219,97.30799865722656,96.20899963378906,96.94999694824219
2025-07-16,96.54399871826172,96.75800323486328,95.99800109863281,96.54399871826172
2025-07-17,96.44999694824219,96.96299743652344,96.39700317382812,96.44999694824219
2025-07-20,96.65299987792969,96.66799926757812,96.12999725341797,96.65299987792969
2025-07-21,96.22000122070312,96.36100006103516,95.62000274658203,96.22000122070312
2025-07-22,96.19999694824219,96.6760025024414,95.85399627685547,96.19999694824219
2025-07-23,96.5999984741211,97.03500366210938,96.39600372314453,96.5999984741211
2025-07-24,96.95099639892578,97.10700225830078,96.64600372314453,96.95099639892578
2025-07-27,97.11599731445312,97.26499938964844,96.5770034790039,97.11599731445312
2025-07-28,96.81999969482422,96.93099975585938,96.57099914550781,96.81999969482422
2025-07-29,96.6709976196289,96.73500061035156,96.11000061035156,96.6709976196289
2025-07-30,96.19400024414062,96.96099853515625,95.86599731445312,96.19400024414062
2025-07-31,96.92500305175781,97.06500244140625,95.52400207519531,96.92500305175781
2025-08-03,95.31099700927734,95.8479995727539,95.09200286865234,95.31099700927734
2025-08-04,95.03199768066406,95.53500366210938,94.9749984741211,95.03199768066406
2025-08-05,95.50199890136719,96.01899719238281,95.4749984741211,95.50199890136719
2025-08-06,95.66799926757812,96.18900299072266,95.65899658203125,95.66799926757812
2025-08-07,95.81300354003906,96.51100158691406,95.77200317382812,95.81300354003906
2025-08-10,96.23600006103516,96.38700103759766,96.00499725341797,96.23600006103516
2025-08-11,96.48799896240234,96.8270034790039,96.22100067138672,96.48799896240234
2025-08-12,96.4729995727539,96.73400115966797,96.30999755859375,96.4729995727539
2025-08-13,96.38200378417969,96.35299682617188,95.5,96.38200378417969
2025-08-14,95.95500183105469,95.9729995727539,95.5270004272461,95.95500183105469
2025-08-17,95.88300323486328,96.19499969482422,95.86900329589844,95.88300323486328
2025-08-18,96.06300354003906,96.09600067138672,95.40299987792969,96.06300354003906
2025-08-19,95.3479995727539,95.35299682617188,94.38600158691406,95.3479995727539
2025-08-20,94.80899810791016,95.28099822998047,94.57099914550781,94.80899810791016
2025-08-21,95.33699798583984,95.58399963378906,95.16200256347656,95.33699798583984
2025-08-24,95.46199798583984,95.94400024414062,95.40399932861328,95.46199798583984
2025-08-25,95.8010025024414,95.83399963378906,95.37300109863281,95.8010025024414
2025-08-26,95.7760009765625,95.98300170898438,95.62799835205078,95.7760009765625
2025-08-27,95.91899871826172,96.0790023803711,95.70500183105469,95.91899871826172
2025-08-28,95.88400268554688,96.21099853515625,95.87699890136719,95.88400268554688
2025-08-31,96.2490005493164,96.58200073242188,96.05799865722656,96.2490005493164
2025-09-01,96.43599700927734,96.85600280761719,96.45600128173828,96.43599700927734
2025-09-02,96.822998046875,97.27999877929688,96.72000122070312,96.822998046875
2025-09-03,96.84400177001953,96.9990005493164,96.56700134277344,96.84400177001953
2025-09-04,96.76699829101562,96.99600219726562,96.33200073242188,96.76699829101562
2025-09-07,97.23100280761719,97.4219970703125,97.0780029296875,97.23100280761719
2025-09-08,97.2229995727539,97.31300354003906,96.81900024414062,97.2229995727539
2025-09-09,97.0469970703125,97.73400115966797,97.05999755859375,97.0469970703125
2025-09-10,97.5199966430664,97.98600006103516,97.40299987792969,97.5199966430664
2025-09-11,98.13400268554688,98.41500091552734,98.03800201416016,98.13400268554688
2025-09-14,98.1719970703125,98.28199768066406,98.05599975585938,98.1719970703125
2025-09-15,98.36000061035156,98.37699890136719,97.6989974975586,98.36000061035156
2025-09-16,97.93399810791016,97.94100189208984,97.52799987792969,97.93399810791016
2025-09-17,97.71499633789062,98.09200286865234,97.53199768066406,97.71499633789062
2025-09-18,97.90599822998047,97.96199798583984,97.25299835205078,97.90599822998047
2025-09-21,97.57599639892578,97.84732055664062,97.31500244140625,97.57599639892578
2025-09-22,97.50800323486328,97.70800018310547,97.24299621582031,97.50800323486328
2025-09-23,97.38899993896484,98.1719970703125,97.27899932861328,97.38899993896484
2025-09-24,97.97000122070312,98.21600341796875,97.74099731445312,97.97000122070312
2025-09-25,97.9520034790039,97.98500061035156,97.73300170898438,97.9520034790039
2025-09-28,97.88300323486328,97.88300323486328,97.5199966430664,97.88300323486328
2025-09-29,97.7509994506836,98.11900329589844,97.48799896240234,97.7509994506836
2025-09-30,97.83000183105469,97.91000366210938,97.03500366210938,97.83000183105469
2025-10-01,97.28900146484375,97.44100189208984,96.86599731445312,97.28900146484375
2025-10-02,97.072998046875,97.48799896240234,97.10099792480469,97.072998046875
2025-10-05,98.63300323486328,99.33999633789062,98.56400299072266,98.63300323486328
2025-10-06,99.45999908447266,99.66300201416016,99.16200256347656,99.45999908447266
2025-10-07,100.0459976196289,100.56999969482422,99.91899871826172,100.0459976196289
2025-10-08,100.52799987792969,100.93900299072266,100.23300170898438,100.52799987792969
2025-10-09,100.3550033569336,100.51699829101562,98.2959976196289,100.3550033569336
2025-10-12,98.80599975585938,99.36599731445312,98.77400207519531,98.80599975585938
2025-10-13,99.25199890136719,99.45999908447266,97.87899780273438,99.25199890136719
2025-10-14,98.49299621582031,98.81300354003906,98.26699829101562,98.49299621582031
2025-10-15,98.23999786376953,98.47899627685547,97.58999633789062,98.23999786376953
2025-10-16,97.30799865722656,97.697998046875,96.3010025024414,97.30799865722656
2025-10-19,98.10600280761719,98.46900177001953,97.64700317382812,98.10600280761719
2025-10-20,98.23999786376953,98.76399993896484,97.9280014038086,98.23999786376953
2025-10-21,98.60099792480469,98.85099792480469,98.31400299072266,98.60099792480469
2025-10-22,98.58399963378906,99.52400207519531,98.57599639892578,98.58399963378906
2025-10-23,99.41400146484375,99.56800079345703,99.2249984741211,99.41400146484375
2025-10-27,100.0,100.33000183105469,99.79299926757812,100.0
2025-10-28,100.14199829101562,100.177001953125,99.41400146484375,100.14199829101562
2025-10-29,99.90899658203125,100.71299743652344,99.74700164794922,99.90899658203125
2025-10-30,100.43800354003906,101.19599914550781,100.33200073242188,100.43800354003906
2025-10-31,100.947998046875,101.0,100.64199829101562,100.947998046875
2025-11-03,100.9280014038086,101.12999725341797,100.39900207519531,100.9280014038086
2025-11-04,100.81700134277344,100.9020004272461,99.46600341796875,100.81700134277344
2025-11-05,99.58300018310547,100.37899780273438,98.83000183105469,99.58300018310547
2025-11-06,100.29100036621094,100.31099700927734,98.93499755859375,100.29100036621094
2025-11-07,99.16500091552734,99.56999969482422,98.96499633789062,99.16500091552734
2025-11-10,99.81900024414062,100.82099914550781,99.81900024414062,100.01100158691406
2025-11-11,100.7229995727539,100.85399627685547,100.40699768066406,100.69999694824219
2025-11-12,100.56800079345703,101.31099700927734,100.56800079345703,100.59700012207031
2025-11-13,101.11599731445312,101.81199645996094,100.93099975585938,101.11900329589844
2025-11-14,100.91600036621094,101.2699966430664,100.22899627685547,100.94100189208984
2025-11-17,100.99400329589844,101.12899780273438,100.74299621582031,100.98500061035156
2025-11-18,100.79199981689453,101.19100189208984,100.16600036621094,100.80699920654297
2025-11-19,101.22200012207031,101.67900085449219,100.5999984741211,101.2300033569336
2025-11-20,101.88200378417969,102.46099853515625,101.49199676513672,101.87999725341797
2025-11-21,101.47000122070312,101.64900207519531,100.35299682617188,101.49299621582031
2025-11-24,101.23300170898438,101.45500183105469,100.96900177001953,101.25499725341797
2025-11-25,101.41200256347656,101.41200256347656,100.3550033569336,101.46900177001953
2025-11-26,101.0530014038086,101.9020004272461,101.02799987792969,101.05999755859375
2025-11-27,101.9020004272461,102.1259994506836,101.64199829101562,101.92900085449219
2025-11-28,102.13999938964844,102.35600280761719,101.6259994506836,102.13700103759766
2025-12-01,102.125,102.125,101.51899719238281,102.1449966430664
2025-12-02,101.75900268554688,102.48699951171875,101.69000244140625,101.76100158691406
2025-12-03,102.38200378417969,102.5,102.02999877929688,102.41699981689453
2025-12-04,102.42400360107422,102.83799743652344,102.12000274658203,102.43199920654297
2025-12-05,102.4739990234375,103.17400360107422,102.29900360107422,102.48300170898438
2025-12-08,103.04299926757812,103.36299896240234,102.90299987792969,103.06999969482422
2025-12-09,103.27400207519531,104.39099884033203,103.05699920654297,103.2770004272461
2025-12-10,104.10600280761719,104.30400085449219,103.73400115966797,104.13300323486328
2025-12-11,103.93599700927734,103.9469985961914,103.2020034790039,103.97200012207031
2025-12-12,103.58100128173828,104.04100036621094,103.34100341796875,103.6449966430664
2025-12-15,103.60399627685547,103.66600036621094,102.89099884033203,103.61199951171875
2025-12-16,102.95800018310547,103.01699829101562,102.447998046875,102.9530029296875
2025-12-17,102.64600372314453,103.0479965209961,102.33599853515625,102.64800262451172
2025-12-18,102.62300109863281,103.09400177001953,102.56199645996094,102.63999938964844
2025-12-19,102.89199829101562,104.2750015258789,102.89199829101562,102.89299774169922
2025-12-22,104.21299743652344,104.5999984741211,104.07499694824219,104.21800231933594
2025-12-23,104.43299865722656,104.64299774169922,103.88999938964844,104.41899871826172
2025-12-24,104.61799621582031,104.68299865722656,104.35800170898438,104.62000274658203
2025-12-26,104.70600128173828,105.1520004272461,104.63999938964844,104.65599822998047
2025-12-29,104.94599914550781,105.20999908447266,104.33999633789062,105.0479965209961
2025-12-30,104.38600158691406,104.84302520751953,104.38600158691406,104.4489974975586
2025-12-31,104.69000244140625,104.83000183105469,104.45999908447266,104.72000122070312
2026-01-02,104.6719970703125,105.25499725341797,104.63600158691406,104.66200256347656
2026-01-05,104.92252349853516,105.0739974975586,104.56400299072266,104.9229965209961
2026-01-06,105.12300109863281,105.48871612548828,104.9749984741211,105.13999938964844
2026-01-07,105.50299835205078,105.9229965209961,105.23999786376953,105.53399658203125
2026-01-08,105.32499694824219,105.5199966430664,104.72699737548828,105.35199737548828
2026-01-09,105.08699798583984,105.62799835205078,105.052001953125,105.08699798583984
2026-01-12,105.70999908447266,106.26399993896484,105.60099792480469,105.72699737548828
2026-01-13,105.97699737548828,106.66100311279297,105.96900177001953,105.96800231933594
2026-01-14,106.37300109863281,106.70899963378906,105.58699798583984,106.37899780273438
2026-01-15,105.85399627685547,106.31500244140625,105.6719970703125,105.85199737548828
2026-01-16,106.25700378417969,106.28399658203125,105.53299713134766,106.2770004272461
2026-01-19,105.38400268554688,106.16300201416016,105.23799896240234,105.3489990234375
2026-01-20,106.14199829101562,106.81300354003906,105.91500091552734,106.12699890136719
2026-01-21,106.46199798583984,107.18499755859375,106.29900360107422,106.45999908447266
2026-01-22,107.0250015258789,108.2020034790039,106.96700286865234,107.01699829101562
2026-01-23,108.38899993896484,108.98899841308594,107.8010025024414,108.40299987792969
2026-01-26,107.26799774169922,107.29199981689453,106.11000061035156,107.27300262451172
2026-01-27,106.6989974975586,107.07499694824219,106.24700164794922,106.71099853515625
2026-01-28,106.70600128173828,107.51899719238281,106.63800048828125,106.6500015258789
2026-01-29,107.7770004272461,108.54399871826172,106.5459976196289,107.76899719238281
2026-01-30,107.94599914550781,108.56600189208984,107.2969970703125,107.93099975585938
2026-02-02,107.78199768066406,108.33999633789062,106.86900329589844,107.79299926757812
2026-02-03,108.20700073242188,109.5199966430664,108.16300201416016,108.10800170898438
2026-02-04,109.3949966430664,110.16999816894531,109.33100128173828,109.37999725341797
2026-02-05,109.7509994506836,109.94400024414062,108.7040023803711,109.7490005493164
2026-02-06,108.40499877929688,110.24600219726562,108.06700134277344,108.4260025024414
2026-02-09,110.61499786376953,110.625,109.66000366210938,110.59300231933594
2026-02-10,110.60299682617188,110.6449966430664,109.04000091552734,110.58799743652344
2026-02-11,109.28800201416016,109.62100219726562,108.12300109863281,109.28199768066406
2026-02-12,109.16999816894531,109.47599792480469,107.99600219726562,109.20099639892578
2026-02-13,108.25800323486328,108.77100372314453,107.70600128173828,108.29900360107422
2026-02-16,108.01799774169922,108.88200378417969,108.01799774169922,108.01599884033203
2026-02-17,108.5979995727539,108.5979995727539,107.85700225830078,108.63899993896484
2026-02-18,108.45099639892578,109.1709976196289,108.3759994506836,108.45999908447266
2026-02-19,108.9530029296875,109.73799896240234,108.86599731445312,108.9520034790039
2026-02-20,109.49700164794922,109.91000366210938,108.88899993896484,109.4729995727539
2026-02-23,109.70700073242188,109.72000122070312,108.87699890136719,109.7509994506836
2026-02-24,109.17900085449219,110.40699768066406,109.17900085449219,109.16000366210938
2026-02-25,110.0510025024414,111.28700256347656,110.02999877929688,110.03700256347656
2026-02-26,111.16799926757812,111.28500366210938,110.302001953125,111.19000244140625
2026-02-27,110.7030029296875,111.27999877929688,110.52300262451172,110.68000030517578
2026-03-02,110.51699829101562,111.68099975585938,110.48300170898438,110.5459976196289
2026-03-03,111.66000366210938,112.072998046875,109.5719985961914,111.73500061035156
2026-03-04,111.03199768066406,111.13400268554688,109.9489974975586,111.08000183105469
2026-03-05,111.02200317382812,111.08999633789062,110.18000030517578,111.07099914550781
2026-03-06,110.40699768066406,111.09700012207031,110.16400146484375,110.4469985961914
2026-03-09,110.36499786376953,111.49800109863281,110.26799774169922,110.35700225830078
2026-03-10,111.54399871826172,112.73600006103516,111.2959976196289,111.56700134277344
2026-03-11,112.56500244140625,113.947998046875,112.5469970703125,112.55699920654297
2026-03-12,113.4000015258789,113.72599792480469,112.63300323486328,113.40299987792969
2026-03-13,112.65399932861328,112.87699890136719,111.73899841308594,112.63400268554688
2026-03-16,111.7750015258789,112.43399810791016,111.59600067138672,111.78099822998047
2026-03-17,112.44000244140625,113.06199645996094,112.29499816894531,112.447998046875
2026-03-18,112.93900299072266,113.20600128173828,112.4530029296875,112.947998046875
2026-03-19,112.3219985961914,112.59700012207031,111.1719970703125,112.31099700927734
2026-03-20,111.7979965209961,112.3740005493164,111.64700317382812,111.81500244140625
2026-03-23,111.5739974975586,111.7509994506836,110.28199768066406,111.58100128173828
2026-03-24,111.05999755859375,111.05999755859375,110.36000061035156,111.01000213623047
2026-03-25,111.0,111.13999938964844,110.5510025024414,111.02999877929688
2026-03-26,110.68199920654297,110.89700317382812,110.20899963378906,110.64600372314453
2026-03-27,110.00199890136719,110.31700134277344,109.62999725341797,109.98300170898438
2026-03-29,109.73400115966797,109.80000305175781,109.04499816894531,109.76699829101562
2026-03-30,109.36000061035156,109.84500122070312,108.85299682617188,109.40899658203125
2026-03-31,109.6500015258789,110.20700073242188,109.48799896240234,109.70600128173828
2026-04-01,109.85600280761719,110.13700103759766,109.41400146484375,109.84600067138672
2026-04-02,110.2239990234375,110.3290023803711,109.94499969482422,110.2030029296875
2026-04-05,110.02100372314453,110.56900024414062,110.02100372314453,109.99600219726562
2026-04-06,110.43399810791016,111.08499908447266,110.29000091552734,110.44400024414062
2026-04-07,112.28399658203125,112.36799621582031,111.43900299072266,112.30799865722656
2026-04-08,111.64600372314453,112.58200073242188,111.56600189208984,111.66999816894531
2026-04-09,112.55500030517578,112.85199737548828,112.39700317382812,112.56700134277344
2026-04-12,112.0770034790039,112.80799865722656,112.05999755859375,112.08100128173828
2026-04-13,113.01300048828125,113.4000015258789,112.62799835205078,113.02300262451172
2026-04-14,113.1709976196289,113.86799621582031,113.0999984741211,113.20099639892578
2026-04-15,113.9260025024414,114.23500061035156,113.75499725341797,113.95099639892578
2026-04-16,113.95899963378906,114.3681411743164,113.50499725341797,113.96199798583984
2026-04-19,113.5479965209961,113.83999633789062,113.54399871826172,113.52999877929688
2026-04-20,113.97899627685547,114.28800201416016,113.68900299072266,113.95099639892578
2026-04-21,114.04199981689453,114.23300170898438,113.8499984741211,114.03800201416016
2026-04-22,114.13099670410156,114.2509994506836,113.84600067138672,114.14199829101562
2026-04-23,113.89600372314453,113.98600006103516,113.68699645996094,113.86900329589844
2026-04-26,113.96800231933594,114.56400299072266,113.95700073242188,113.97899627685547
2026-04-27,114.5770034790039,114.70099639892578,114.08200073242188,114.58399963378906
2026-04-28,114.69200134277344,114.70099639892578,114.10600280761719,114.66300201416016
2026-04-29,114.16799926757812,114.43299865722656,111.30000305175781,114.15499877929688
2026-04-30,113.02799987792969,113.22599792480469,111.94000244140625,113.02899932861328
2026-05-03,113.10299682617188,113.322998046875,112.40399932861328,113.08699798583984
2026-05-04,112.66799926757812,113.45899963378906,112.19400024414062,112.6500015258789
2026-05-05,113.56999969482422,114.29900360107422,112.38500213623047,113.58200073242188
2026-05-06,113.23600006103516,113.57099914550781,113.01300048828125,113.22899627685547
2026-05-07,113.06199645996094,113.4990005493164,112.98200225830078,113.0469970703125
2026-05-10,113.49700164794922,113.98300170898438,113.4800033569336,113.4729995727539
2026-05-11,113.87899780273438,114.03800201416016,113.44400024414062,113.93000030517578
2026-05-12,114.1259994506836,114.72100067138672,114.02100372314453,114.10199737548828
2026-05-13,114.50399780273438,114.6510009765625,113.88999938964844,114.49199676513672
2026-05-14,114.26100158691406,114.29900360107422,113.19000244140625,114.21199798583984
2026-05-17,113.25499725341797,113.96099853515625,113.12200164794922,113.2509994506836
2026-05-18,113.91799926757812,113.91799926757812,112.65299987792969,113.90699768066406
2026-05-19,112.93199920654297,113.76699829101562,112.73400115966797,112.97899627685547
2026-05-20,113.58799743652344,113.6500015258789,112.85399627685547,113.58300018310547
2026-05-21,113.63899993896484,113.6709976196289,113.26499938964844,113.66400146484375
2026-05-24,113.7509994506836,114.10199737548828,113.697998046875,113.75700378417969
2026-05-25,113.91600036621094,114.26499938964844,113.77799987792969,113.91000366210938
2026-05-26,114.18599700927734,114.32099914550781,113.58100128173828,114.18399810791016
2026-05-27,113.78500366210938,114.03700256347656,113.25,113.81199645996094
2026-05-28,114.08899688720703,114.57099914550781,113.88999938964844,114.05999755859375
2026-05-31,114.427001953125,114.63400268554688,113.96499633789062,114.41799926757812
2026-06-01,114.3479995727539,114.90299987792969,114.23799896240234,114.36900329589844
2026-06-02,114.75199890136719,114.84400177001953,114.1729965209961,114.75900268554688
2026-06-03,114.0780029296875,114.24500274658203,113.89199829101562,114.09100341796875
2026-06-04,114.072998046875,114.20700073242188,113.0780029296875,114.05799865722656
2026-06-07,112.89099884033203,113.18699645996094,112.63500213623047,112.91272735595703
2026-06-08,112.73500061035156,113.16999816894531,112.56300354003906,112.74600219726562
2026-06-09,112.6520004272461,112.81900024414062,112.3290023803711,112.62699890136719
2026-06-10,112.31199645996094,112.52999877929688,112.03399658203125,112.26799774169922
2026-06-11,112.83999633789062,113.0719985961914,112.58899688720703,112.84100341796875
2026-06-14,113.16600036621094,113.49800109863281,113.1259994506836,113.16400146484375
2026-06-15,113.31199645996094,113.53399658203125,112.87899780273438,113.31700134277344
2026-06-16,113.31400299072266,113.38300323486328,113.04000091552734,113.33499908447266
2026-06-17,112.75199890136719,113.24700164794922,112.64900207519531,112.70999908447266
2026-06-18,113.09500122070312,113.21900177001953,112.80899810791016,113.10399627685547
2026-06-21,113.03500366210938,113.4209976196289,112.9260025024414,113.03900146484375
2026-06-22,112.97000122070312,112.98799896240234,111.79900360107422,113.00499725341797
2026-06-23,111.77100372314453,111.8550033569336,111.34500122070312,111.7040023803711
2026-06-24,111.5199966430664,111.8949966430664,111.3740005493164,111.59200286865234
2026-06-25,111.65399932861328,111.76000213623047,111.23999786376953,111.62699890136719
2026-06-28,111.50900268554688,111.7030029296875,111.31999969482422,111.56700134277344
2026-06-29,111.39600372314453,112.61000061035156,111.29000091552734,111.43199920654297
2026-06-30,112.41699981689453,112.447998046875,111.99199676513672,112.375
2026-07-01,111.98899841308594,112.1449966430664,111.1709976196289,111.99199676513672
2026-07-02,111.64099884033203,111.89199829101562,111.5199966430664,111.6520004272461
2026-07-05,111.96399688720703,112.6969985961914,111.93399810791016,111.98999786376953
2026-07-06,112.72799682617188,112.77999877929688,112.21900177001953,112.72899627685547
2026-07-07,112.34300231933594,112.74400329589844,112.24199676513672,112.38200378417969
2026-07-08,112.7229995727539,112.7509994506836,112.55000305175781,112.73100280761719
2026-07-09,112.6989974975586,112.6989974975586,112.18399810791016,112.72200012207031
2026-07-12,112.36799621582031,112.63999938964844,112.23799896240234,112.37000274658203
2026-07-13,112.37899780273438,113.22100067138672,112.28500366210938,112.36299896240234
2026-07-15,113.02300262451172,113.24400329589844,113.02300262451172,113.15499877929688
